Feature,Importance
Total Fan-Out,0.7786105252107409
Estimated Delay,0.7002869260638636
Total Gate Count,0.3991841824750442
Total Fan-In,0.22610566103225802
