,MSE,MAE,R² Score,Inference Time (ms)
Random Forest,9.206896551724139,1.7586206896551724,-0.5058343057176196,0.5920262172304351
XGBoost,9.207365752618095,1.7587540848501797,-0.5059110458871678,0.19865200437348465
MLP,0.061661319204110346,0.18685304203089856,0.9899149806591488,0.06942091317012392
